{"cameraMode":{"drawMode":0,"name":"Shaded","section":"Shading Mode"},"sceneLighting":true,"audioPlay":false,"sceneViewState":{"m_AlwaysRefresh":false,"showFog":true,"showSkybox":true,"showFlares":true,"showImageEffects":true,"showParticleSystems":true,"showVisualEffectGraphs":true,"m_FxEnabled":true},"in2DMode":false,"pivot":{"x":-0.09496641159057617,"y":0.028823373839259149,"z":0.23481035232543946},"rotation":{"x":0.1521657407283783,"y":0.3503449857234955,"z":-0.057797301560640338,"w":0.922369122505188},"size":0.5040530562400818,"orthographic":true}