{"cameraMode":{"drawMode":0,"name":"Shaded","section":"Shading Mode"},"sceneLighting":true,"audioPlay":false,"sceneViewState":{"m_AlwaysRefresh":false,"showFog":true,"showSkybox":true,"showFlares":true,"showImageEffects":true,"showParticleSystems":true,"showVisualEffectGraphs":true,"m_FxEnabled":true},"in2DMode":false,"pivot":{"x":-0.1311558485031128,"y":0.06766295433044434,"z":-0.09515810012817383},"rotation":{"x":0.04412664473056793,"y":0.7053250670433044,"z":-0.04406137764453888,"w":0.706146776676178},"size":1.0082285404205323,"orthographic":true}