{"cameraMode":{"drawMode":0,"name":"Shaded","section":"Shading Mode"},"sceneLighting":true,"audioPlay":false,"sceneViewState":{"m_AlwaysRefresh":false,"showFog":true,"showSkybox":true,"showFlares":true,"showImageEffects":true,"showParticleSystems":true,"showVisualEffectGraphs":true,"m_FxEnabled":true},"in2DMode":false,"pivot":{"x":0.3910934627056122,"y":-0.6977614164352417,"z":0.04758945107460022},"rotation":{"x":-0.16033704578876496,"y":-0.14834675192832948,"z":0.024377482011914254,"w":-0.9755520224571228},"size":4.989159107208252,"orthographic":true}